{
  "format_version": "1.21.40",
  "minecraft:atmosphere_settings": {
    "description": { "identifier": "minecraft:default_atmospherics" },
    "sky_zenith_color": {
      "0.0": [1.0,1.0,1.0], // noon
      "0.256": [1.0,1.0,1.0], // pre-sunset
      "0.3": [1.0,1.0,1.0], // pre-sunset
      "0.335": [1.0,1.0,1.0], // pre-sunset
      "0.4": [1.0,1.0,1.0], // sunset
      "0.5": [1.0,1.0,1.0], // night
      "0.65": [1.0,1.0,1.0], // midnight
      "0.75": [1.0,1.0,1.0], // day-transition
      "0.82": [1.0,1.0,1.0], // sunrise
      "0.85": [1.0,1.0,1.0], // sunrise
      "0.92": [1.0,1.0,1.0], // day
      "1.0": [1.0,1.0,1.0] // noon
    },
    "sky_horizon_color": {
      "0.0": [1.0,1.0,1.0], // noon
      "0.256": [1.0,1.0,1.0], // pre-sunset
      "0.3": [1.0,1.0,1.0], // pre-sunset
      "0.335": [1.0,1.0,1.0], // pre-sunset
      "0.4": [1.0,1.0,1.0], // sunset
      "0.5": [1.0,1.0,1.0], // night
      "0.65": [1.0,1.0,1.0], // midnight
      "0.75": [1.0,1.0,1.0], // day-transition
      "0.82": [1.0,1.0,1.0], // sunrise
      "0.85": [1.0,1.0,1.0], // sunrise
      "0.92": [1.0,1.0,1.0], // day
      "1.0": [1.0,1.0,1.0] // noon
    },
    "rayleigh_strength": {
      "0.000000": 10.0,
      "0.717412": 5.0,
      "0.330402": 5.0,
      "0.138743": 10.0,
      "0.250000": 5.0,
      "0.640704": 5.0,
      "0.929310": 10.0,
      "1.000000": 10.0
    },
    "sun_mie_strength": {
      "0.800000": 0.0,
      "0.750000": 0.75,
      "0.000000": 0.0,
      "0.200000": 0.0,
      "0.250000": 0.75,
      "0.400000": 0.0,
      "0.600000": 0.0,
      "1.000000": 0.0
    },
    "moon_mie_strength": { "0.000000": 0.0, "1.000000": 0.0 },
    "sun_glare_shape": {
      "0.800000": 0.0,
      "0.750000": 0.05000000074505806,
      "0.000000": 0.0,
      "0.200000": 0.0,
      "0.250000": 0.07377050071954727,
      "0.400000": 0.0,
      "0.600000": 0.0,
      "1.000000": 0.0
    },
    "horizon_blend_stops": {
      "min": { "0.000000": 0.0, "1.000000": 0.0 },
      "start": {
        "0.750000": 0.25,
        "0.000000": 0.800000011920929,
        "0.827004": 0.5,
        "0.250000": 0.5,
        "0.300912": 0.25,
        "1.000000": 0.800000011920929
      },
      "mie_start": {
        "0.800000": 1.0,
        "0.000000": 0.5,
        "0.900000": 0.5,
        "0.100000": 0.5,
        "0.200000": 1.0,
        "1.000000": 0.5
      },
      "max": { "0.000000": 0.25, "1.000000": 0.25 }
    }
  }
}
