{
  "format_version": "1.21.40",
  "minecraft:atmosphere_settings": {
    "description": { "identifier": "minecraft:default_atmospherics" },
    "sky_zenith_color": {
      "0.0": [58, 91, 142], // noon
      "0.256": [130, 66, 19], // pre-sunset
      "0.3": [130, 66, 19], // pre-sunset
      "0.335": [130, 66, 19], // pre-sunset
      "0.4": [130, 66, 19], // sunset
      "0.5": [39, 31, 55], // night
      "0.65": [12, 19, 27], // midnight
      "0.75": [74, 111, 165], // day-transition
      "0.82": [74, 111, 165], // sunrise
      "0.85": [74, 111, 165], // sunrise
      "0.92": [58, 91, 142], // day
      "1.0": [58, 91, 142] // noon
    },
    "sky_horizon_color": {
      "0.0": [114, 170, 203], // noon
      "0.256": [223, 93, 1], // pre-sunset
      "0.3": [223, 93, 1], // pre-sunset
      "0.335": [223, 93, 1], // pre-sunset
      "0.4": [223, 93, 1], // sunset
      "0.5": [73, 45, 67], // night
      "0.65": [18, 28, 30], // midnight
      "0.75": [255, 216, 168], // day-transition
      "0.82": [255, 216, 168], // sunrise
      "0.85": [255, 216, 168], // sunrise
      "0.92": [114, 170, 203], // day
      "1.0": [114, 170, 203] // noon
    },
    "rayleigh_strength": {
      "0.000000": 10.0,
      "0.717412": 5.0,
      "0.330402": 5.0,
      "0.138743": 10.0,
      "0.250000": 5.0,
      "0.640704": 5.0,
      "0.929310": 10.0,
      "1.000000": 10.0
    },
    "sun_mie_strength": {
      "0.800000": 0.0,
      "0.750000": 0.75,
      "0.000000": 0.0,
      "0.200000": 0.0,
      "0.250000": 0.75,
      "0.400000": 0.0,
      "0.600000": 0.0,
      "1.000000": 0.0
    },
    "moon_mie_strength": { "0.000000": 0.0, "1.000000": 0.0 },
    "sun_glare_shape": {
      "0.800000": 0.0,
      "0.750000": 0.05000000074505806,
      "0.000000": 0.0,
      "0.200000": 0.0,
      "0.250000": 0.07377050071954727,
      "0.400000": 0.0,
      "0.600000": 0.0,
      "1.000000": 0.0
    },
    "horizon_blend_stops": {
      "min": { "0.000000": 0.0, "1.000000": 0.0 },
      "start": {
        "0.750000": 0.25,
        "0.000000": 0.800000011920929,
        "0.827004": 0.5,
        "0.250000": 0.5,
        "0.300912": 0.25,
        "1.000000": 0.800000011920929
      },
      "mie_start": {
        "0.800000": 1.0,
        "0.000000": 0.5,
        "0.900000": 0.5,
        "0.100000": 0.5,
        "0.200000": 1.0,
        "1.000000": 0.5
      },
      "max": { "0.000000": 0.25, "1.000000": 0.25 }
    }
  }
}
